Date, Open, High, Low, Close, Volume
09/04/25, 238.45, 239.90, 236.74, 239.78, 46084300
09/03/25, 237.21, 238.85, 234.36, 238.47, 66427844
09/02/25, 229.25, 230.85, 226.97, 229.72, 44075641
08/29/25, 232.51, 233.38, 231.37, 232.14, 39418441
08/28/25, 230.82, 233.41, 229.335, 232.56, 38074699
08/27/25, 228.61, 230.90, 228.26, 230.49, 31259510
08/26/25, 226.87, 229.49, 224.69, 229.31, 54575113
08/25/25, 226.48, 229.30, 226.23, 227.16, 30983131
08/22/25, 226.17, 229.09, 225.41, 227.76, 42477809
08/21/25, 226.27, 226.52, 223.7804, 224.90, 30621250
08/20/25, 229.98, 230.47, 225.77, 226.01, 42263871
08/19/25, 231.275, 232.87, 229.35, 230.56, 39402559
08/18/25, 231.70, 233.12, 230.11, 230.89, 37476191
08/15/25, 234.00, 234.28, 229.335, 231.59, 56038660
08/14/25, 234.055, 235.12, 230.85, 232.78, 51916281
08/13/25, 231.07, 235.00, 230.43, 233.33, 69878555
08/12/25, 228.005, 230.80, 227.07, 229.65, 55672301
08/11/25, 227.92, 229.56, 224.76, 227.18, 61806129
08/08/25, 220.83, 231.00, 219.25, 229.35, 113854000
08/07/25, 218.875, 220.85, 216.58, 220.03, 90224828
08/06/25, 205.63, 215.38, 205.59, 213.25, 108483102
08/05/25, 203.40, 205.34, 202.16, 202.92, 44155078
08/04/25, 204.505, 207.88, 201.675, 203.35, 75109297
08/01/25, 210.865, 213.58, 201.50, 202.38, 104434492
07/31/25, 208.49, 209.84, 207.16, 207.57, 80698430
07/30/25, 211.895, 212.39, 207.72, 209.05, 45512512
07/29/25, 214.175, 214.81, 210.82, 211.27, 51411719
07/28/25, 214.03, 214.845, 213.06, 214.05, 37858020
07/25/25, 214.70, 215.24, 213.40, 213.88, 40268781
07/24/25, 213.90, 215.69, 213.53, 213.76, 46022621
07/23/25, 215.00, 215.15, 212.41, 214.15, 46989301
07/22/25, 213.14, 214.95, 212.2301, 214.40, 46404070
07/21/25, 212.10, 215.78, 211.63, 212.48, 51377434
07/18/25, 210.87, 211.79, 209.7045, 211.18, 48974594
07/17/25, 210.57, 211.80, 209.59, 210.02, 48068141
07/16/25, 210.295, 212.40, 208.64, 210.16, 47490527
07/15/25, 209.22, 211.89, 208.92, 209.11, 42296340
07/14/25, 209.925, 210.91, 207.54, 208.62, 38840113
07/11/25, 210.565, 212.13, 209.86, 211.16, 39765809
07/10/25, 210.505, 213.48, 210.03, 212.41, 44443641
07/09/25, 209.53, 211.33, 207.22, 211.14, 48749367
07/08/25, 210.10, 211.43, 208.45, 210.01, 42848930
07/07/25, 212.68, 216.23, 208.80, 209.95, 50228980
07/03/25, 212.145, 214.65, 211.8101, 213.55, 34955840
07/02/25, 208.91, 213.34, 208.14, 212.44, 67941805
07/01/25, 206.665, 210.1865, 206.1401, 207.82, 78788875
06/30/25, 202.01, 207.39, 199.2607, 205.17, 91912812
06/27/25, 201.89, 203.22, 200.00, 201.08, 73188570
06/26/25, 201.43, 202.64, 199.46, 201.00, 50799121
06/25/25, 201.45, 203.67, 200.6201, 201.56, 39525727
06/24/25, 202.59, 203.44, 200.20, 200.30, 54064031
06/23/25, 201.625, 202.30, 198.96, 201.50, 55814273
06/20/25, 198.235, 201.70, 196.855, 201.00, 96813539
06/18/25, 195.94, 197.57, 195.07, 196.58, 45394688
06/17/25, 197.20, 198.39, 195.21, 195.64, 38856152
06/16/25, 197.30, 198.685, 196.5636, 198.42, 43020688
06/13/25, 199.73, 200.37, 195.70, 196.45, 51447352
06/12/25, 199.08, 199.68, 197.3601, 199.20, 43904641
06/11/25, 203.50, 204.50, 198.41, 198.78, 60989859
06/10/25, 200.60, 204.35, 200.57, 202.67, 54672609
06/09/25, 204.39, 206.00, 200.02, 201.45, 72862562
06/06/25, 203.00, 205.70, 202.05, 203.92, 46607688
06/05/25, 203.50, 204.75, 200.15, 200.63, 55221238
06/04/25, 202.91, 206.24, 202.10, 202.82, 43603992
06/03/25, 201.35, 203.77, 200.955, 203.27, 46381566
06/02/25, 200.28, 202.13, 200.12, 201.70, 35423289
05/30/25, 199.37, 201.96, 196.78, 200.85, 70819938
05/29/25, 203.575, 203.81, 198.51, 199.95, 51477941
05/28/25, 200.59, 202.73, 199.90, 200.42, 45339680
05/27/25, 198.30, 200.74, 197.43, 200.21, 56288480
05/23/25, 193.665, 197.70, 193.46, 195.27, 78432922
05/22/25, 200.71, 202.75, 199.70, 201.36, 46742406
05/21/25, 205.17, 207.04, 200.71, 202.09, 59211770
05/20/25, 207.67, 208.47, 205.03, 206.86, 42496641
05/19/25, 207.91, 209.48, 204.26, 208.78, 46140527
05/16/25, 212.36, 212.57, 209.77, 211.26, 54737848
05/15/25, 210.95, 212.96, 209.54, 211.45, 45029473
05/14/25, 212.43, 213.94, 210.5801, 212.33, 49325832
05/13/25, 210.43, 213.40, 209.00, 212.93, 51909328
05/12/25, 210.97, 211.2679, 206.75, 210.79, 63775809
05/09/25, 199.00, 200.5399, 197.535, 198.53, 36453922
05/08/25, 197.72, 200.05, 194.6796, 197.49, 50478871
05/07/25, 199.17, 199.44, 193.25, 196.25, 68616945
05/06/25, 198.21, 200.65, 197.02, 198.51, 51216480
05/05/25, 203.10, 204.10, 198.21, 198.89, 69018445
05/02/25, 206.09, 206.99, 202.16, 205.35, 101010602
05/01/25, 209.08, 214.56, 208.90, 213.32, 57365680
04/30/25, 209.30, 213.58, 206.6705, 212.50, 52286449
04/29/25, 208.693, 212.24, 208.37, 211.21, 36827633
04/28/25, 210.00, 211.50, 207.46, 210.14, 38743070
04/25/25, 206.365, 209.75, 206.20, 209.28, 38222262
04/24/25, 204.89, 208.8299, 202.94, 208.37, 47310992
04/23/25, 206.00, 208.00, 202.799, 204.60, 52929168
04/22/25, 196.12, 201.59, 195.97, 199.74, 52976367
04/21/25, 193.265, 193.80, 189.8112, 193.16, 46742539
04/17/25, 197.20, 198.8335, 194.42, 196.98, 52164680
04/16/25, 198.36, 200.70, 192.37, 194.27, 59732422
04/15/25, 201.855, 203.51, 199.80, 202.14, 51343871
04/14/25, 211.44, 212.94, 201.1621, 202.52, 101352898
04/11/25, 186.10, 199.54, 186.06, 198.15, 87435922
04/10/25, 189.065, 194.7799, 183.00, 190.42, 121880000
04/09/25, 171.95, 200.61, 171.89, 198.85, 184395906
04/08/25, 186.70, 190.335, 169.2101, 172.42, 120859508
04/07/25, 177.20, 194.15, 174.62, 181.46, 160466297
04/04/25, 193.89, 199.88, 187.34, 188.38, 125910898
04/03/25, 205.54, 207.49, 201.25, 203.19, 103419000
04/02/25, 221.315, 225.19, 221.02, 223.89, 35905898
04/01/25, 219.805, 223.68, 218.90, 223.19, 36412738
03/31/25, 217.005, 225.62, 216.23, 222.13, 65299320
03/28/25, 221.67, 223.81, 217.68, 217.90, 39818621
03/27/25, 221.39, 224.99, 220.5601, 223.85, 37094770
03/26/25, 223.51, 225.02, 220.47, 221.53, 34532660
03/25/25, 220.77, 224.10, 220.08, 223.75, 34493578
03/24/25, 221.00, 221.48, 218.58, 220.73, 44299480
03/21/25, 211.56, 218.84, 211.28, 218.27, 94127766
03/20/25, 213.99, 217.4899, 212.22, 214.10, 48862953
03/19/25, 214.22, 218.76, 213.75, 215.24, 54385391
03/18/25, 214.16, 215.15, 211.49, 212.69, 42432434
03/17/25, 213.31, 215.22, 209.97, 214.00, 48073434
03/14/25, 211.25, 213.95, 209.58, 213.49, 60107578
03/13/25, 215.95, 216.8394, 208.42, 209.68, 61368328
03/12/25, 220.14, 221.75, 214.91, 216.98, 62547473
03/11/25, 223.805, 225.8399, 217.45, 220.84, 76137406
03/10/25, 235.54, 236.16, 224.22, 227.48, 72071203
03/07/25, 235.105, 241.37, 234.76, 239.07, 46273566
03/06/25, 234.435, 237.86, 233.1581, 235.33, 45170422
03/05/25, 235.42, 236.55, 229.23, 235.74, 47227641
03/04/25, 237.705, 240.07, 234.68, 235.93, 53798059
03/03/25, 241.79, 244.0272, 236.112, 238.03, 47183992
02/28/25, 236.95, 242.09, 230.20, 241.84, 56833359
02/27/25, 239.41, 242.46, 237.06, 237.30, 41153641
02/26/25, 244.33, 244.98, 239.13, 240.36, 44433559
02/25/25, 248.00, 250.00, 244.91, 247.04, 48013273
02/24/25, 244.925, 248.86, 244.42, 247.10, 51326398
02/21/25, 245.95, 248.69, 245.22, 245.55, 53197434
02/20/25, 244.94, 246.78, 244.29, 245.83, 32316910
02/19/25, 244.66, 246.01, 243.1604, 244.87, 32204221
02/18/25, 244.15, 245.18, 241.84, 244.47, 48822488
02/14/25, 241.25, 245.55, 240.99, 244.60, 40896230
02/13/25, 236.91, 242.3399, 235.57, 241.53, 53614047
02/12/25, 231.20, 236.96, 230.68, 236.87, 45243289
02/11/25, 228.20, 235.23, 228.13, 232.62, 53718359
02/10/25, 229.57, 230.585, 227.20, 227.65, 33115648
02/07/25, 232.60, 234.00, 227.26, 227.63, 39707219
02/06/25, 231.285, 233.80, 230.425, 233.22, 29925350
02/05/25, 228.53, 232.67, 228.27, 232.47, 39664992
02/04/25, 227.25, 233.13, 226.65, 232.80, 45067301
02/03/25, 229.99, 231.83, 225.70, 228.01, 73063297
01/31/25, 247.19, 247.19, 233.44, 236.00, 101075102
01/30/25, 238.665, 240.79, 237.21, 237.59, 55658281
01/29/25, 234.12, 239.855, 234.01, 239.36, 45486102
01/28/25, 230.85, 240.19, 230.81, 238.26, 75707570
01/27/25, 224.02, 232.15, 223.98, 229.86, 94863422
01/24/25, 224.78, 225.63, 221.41, 222.78, 54697910
01/23/25, 224.74, 227.03, 222.30, 223.66, 60234762
01/22/25, 219.79, 224.12, 219.79, 223.83, 64126500
01/21/25, 224.00, 224.42, 219.38, 222.64, 98070430
01/17/25, 232.115, 232.29, 228.48, 229.98, 68488305
01/16/25, 237.35, 238.01, 228.03, 228.26, 71759047
01/15/25, 234.635, 238.96, 234.43, 237.87, 39831969
01/14/25, 234.75, 236.12, 232.472, 233.28, 39435289
01/13/25, 233.53, 234.67, 229.72, 234.40, 49630727
01/10/25, 240.01, 240.16, 233.00, 236.85, 61710859
01/08/25, 241.92, 243.7123, 240.05, 242.70, 37628941
01/07/25, 242.98, 245.55, 241.35, 242.21, 40855961
01/06/25, 244.31, 247.33, 243.20, 245.00, 45045566
01/03/25, 243.36, 244.18, 241.89, 243.36, 40244113
01/02/25, 248.93, 249.10, 241.8201, 243.85, 55740727
12/31/24, 252.44, 253.28, 249.43, 250.42, 39480719
12/30/24, 252.23, 253.50, 250.75, 252.20, 35557539
12/27/24, 257.83, 258.70, 253.06, 255.59, 42355320
12/26/24, 258.19, 260.10, 257.63, 259.02, 27262980
12/24/24, 255.49, 258.21, 255.29, 258.20, 23234711
12/23/24, 254.77, 255.65, 253.45, 255.27, 40858770
12/20/24, 248.04, 255.00, 245.69, 254.49, 147495297
12/19/24, 247.50, 252.00, 247.0949, 249.79, 60882262
12/18/24, 252.16, 254.28, 247.74, 248.05, 56774102
12/17/24, 250.08, 253.83, 249.78, 253.48, 51356359
12/16/24, 247.99, 251.38, 247.65, 251.04, 51694754
12/13/24, 247.815, 249.2902, 246.24, 248.13, 33155289
12/12/24, 246.89, 248.74, 245.68, 247.96, 32777531
12/11/24, 247.96, 250.80, 246.2601, 246.49, 45205809
12/10/24, 246.89, 248.21, 245.34, 247.77, 36914809
12/09/24, 241.83, 247.24, 241.75, 246.75, 44649230
12/06/24, 242.905, 244.63, 242.08, 242.84, 36870621
12/05/24, 243.99, 244.54, 242.13, 243.04, 40033879
12/04/24, 242.87, 244.11, 241.25, 243.01, 44383941
12/03/24, 239.81, 242.76, 238.90, 242.65, 38861020
12/02/24, 237.27, 240.79, 237.16, 239.59, 48137102
11/29/24, 234.805, 237.81, 233.97, 237.33, 28481381
11/27/24, 234.465, 235.69, 233.8101, 234.93, 33498441
11/26/24, 233.33, 235.57, 233.33, 235.06, 45986191
11/25/24, 231.46, 233.245, 229.74, 232.87, 90152828
11/22/24, 228.06, 230.7199, 228.06, 229.87, 38168246
11/21/24, 228.88, 230.155, 225.7103, 228.52, 42108328
11/20/24, 228.06, 229.93, 225.89, 229.00, 35169566
11/19/24, 226.98, 230.16, 226.66, 228.28, 36211770
11/18/24, 225.25, 229.74, 225.17, 228.02, 44686020
11/15/24, 226.40, 226.92, 224.27, 225.00, 47923699
11/14/24, 225.02, 228.87, 225.00, 228.22, 44923941
11/13/24, 224.01, 226.65, 222.76, 225.12, 48566219
11/12/24, 224.55, 225.59, 223.355, 224.23, 40398301
11/11/24, 225.00, 225.70, 221.50, 224.23, 42005602
11/08/24, 227.17, 228.66, 226.405, 226.96, 38328820
11/07/24, 224.625, 227.875, 224.57, 227.48, 42137688
11/06/24, 222.61, 226.065, 221.19, 222.72, 54561121
11/05/24, 221.795, 223.95, 221.14, 223.45, 28111340
11/04/24, 220.99, 222.79, 219.71, 222.01, 44944473
11/01/24, 220.965, 225.35, 220.27, 222.91, 65276738
10/31/24, 229.34, 229.83, 225.37, 225.91, 64370090
10/30/24, 232.61, 233.47, 229.55, 230.10, 47070910
10/29/24, 233.10, 234.325, 232.32, 233.67, 35417246
10/28/24, 233.32, 234.73, 232.55, 233.40, 36087129
10/25/24, 229.74, 233.22, 229.57, 231.41, 38802301
10/24/24, 229.98, 230.82, 228.41, 230.57, 31109500
10/23/24, 234.08, 235.144, 227.76, 230.76, 52286980
10/22/24, 233.885, 236.22, 232.60, 235.86, 38846578
10/21/24, 234.45, 236.85, 234.45, 236.48, 36254473
10/18/24, 236.18, 236.18, 234.01, 235.00, 46431473
10/17/24, 233.43, 233.85, 230.52, 232.15, 32993809
10/16/24, 231.60, 232.12, 229.84, 231.78, 34082238
10/15/24, 233.61, 237.49, 232.37, 233.85, 64751367
10/14/24, 228.70, 231.73, 228.60, 231.30, 39882090
10/11/24, 229.30, 229.41, 227.34, 227.55, 31759189
10/10/24, 227.78, 229.50, 227.17, 229.04, 28183539
10/09/24, 225.23, 229.75, 224.83, 229.54, 33591090
10/08/24, 224.30, 225.98, 223.25, 225.77, 31855689
10/07/24, 224.50, 225.69, 221.33, 221.69, 39505352
10/04/24, 227.90, 228.00, 224.13, 226.80, 37345102
10/03/24, 225.14, 226.805, 223.32, 225.67, 34044160
10/02/24, 225.89, 227.37, 223.02, 226.78, 32880609
10/01/24, 229.52, 229.65, 223.74, 226.21, 63285047
09/30/24, 230.04, 233.00, 229.65, 233.00, 54793391
09/27/24, 228.46, 229.52, 227.30, 227.79, 34025969
09/26/24, 227.30, 228.50, 225.41, 227.52, 36636711
09/25/24, 224.93, 227.29, 224.02, 226.37, 42308719
09/24/24, 228.645, 229.35, 225.73, 227.37, 43556070
09/23/24, 227.34, 229.45, 225.81, 226.47, 54146020
09/20/24, 229.97, 233.09, 227.62, 228.20, 318679906
09/19/24, 224.99, 229.82, 224.63, 228.87, 66781320
09/18/24, 217.55, 222.71, 217.54, 220.69, 59894930
09/17/24, 215.75, 216.90, 214.50, 216.79, 45519340
09/16/24, 216.54, 217.22, 213.92, 216.32, 59357434
09/13/24, 223.58, 224.04, 221.91, 222.50, 36766621
09/12/24, 222.50, 223.55, 219.82, 222.77, 37498230
09/11/24, 221.455, 223.09, 217.89, 222.66, 44587070
09/10/24, 218.92, 221.48, 216.73, 220.11, 51591031
09/09/24, 220.82, 221.27, 216.71, 220.91, 67179969
09/06/24, 223.95, 225.24, 219.77, 220.82, 48423008
09/05/24, 221.625, 225.48, 221.52, 222.38, 36615398
09/04/24, 221.66, 221.78, 217.48, 220.85, 43840199
09/03/24, 228.55, 229.00, 221.17, 222.77, 50087200
08/30/24, 230.19, 230.40, 227.48, 229.00, 52990770
08/29/24, 230.10, 232.92, 228.88, 229.79, 51906301
08/28/24, 227.92, 229.86, 225.68, 226.49, 38052168
08/27/24, 225.995, 228.85, 224.89, 228.03, 35934559
08/26/24, 226.76, 227.28, 223.8905, 227.18, 30602211
08/23/24, 225.659, 228.22, 224.33, 226.84, 38677246
08/22/24, 227.79, 228.34, 223.90, 224.53, 43695320
08/21/24, 226.52, 227.98, 225.05, 226.40, 34765480
08/20/24, 225.77, 227.17, 225.45, 226.51, 30299029
08/19/24, 225.72, 225.99, 223.04, 225.89, 40687809
08/16/24, 223.92, 226.8271, 223.6501, 226.05, 44340238
08/15/24, 224.60, 225.35, 222.76, 224.72, 46414008
08/14/24, 220.57, 223.03, 219.70, 221.72, 41960566
08/13/24, 219.01, 221.89, 219.01, 221.27, 44155328
08/12/24, 216.07, 219.5099, 215.60, 217.53, 38028090
08/09/24, 212.10, 216.78, 211.97, 216.24, 42201648
08/08/24, 213.11, 214.20, 208.83, 213.31, 47161152
08/07/24, 206.90, 213.64, 206.39, 209.82, 63516422
08/06/24, 205.30, 209.99, 201.07, 207.23, 69660484
08/05/24, 199.09, 213.50, 196.00, 209.27, 119548602
08/02/24, 219.15, 225.60, 217.71, 219.86, 105568602
08/01/24, 224.37, 224.48, 217.02, 218.36, 62501000
07/31/24, 221.44, 223.82, 220.63, 222.08, 50036262
07/30/24, 219.19, 220.325, 216.12, 218.80, 41643840
07/29/24, 216.96, 219.30, 215.75, 218.24, 36311781
07/26/24, 218.70, 219.49, 216.01, 217.96, 41601352
07/25/24, 218.93, 220.85, 214.62, 217.49, 51391199
07/24/24, 224.00, 224.80, 217.13, 218.54, 61777578
07/23/24, 224.365, 226.94, 222.68, 225.01, 39960262
07/22/24, 227.01, 227.78, 223.09, 223.96, 48201840
07/19/24, 224.82, 226.80, 223.275, 224.31, 49151449
07/18/24, 230.28, 230.44, 222.27, 224.18, 66034594
07/17/24, 229.45, 231.4599, 226.64, 228.88, 57345879
07/16/24, 235.00, 236.27, 232.33, 234.82, 43234281
07/15/24, 236.48, 237.23, 233.09, 234.40, 62631246
07/12/24, 228.92, 232.64, 228.68, 230.54, 53046527
07/11/24, 231.39, 232.39, 225.77, 227.57, 64710621
07/10/24, 229.30, 233.08, 229.25, 232.98, 62627688
07/09/24, 227.93, 229.40, 226.3721, 228.68, 48169820
07/08/24, 227.09, 227.85, 223.25, 227.82, 59085859
07/05/24, 221.65, 226.45, 221.65, 226.34, 60412406
07/03/24, 220.00, 221.55, 219.03, 221.55, 37369801
07/02/24, 216.15, 220.38, 215.10, 220.27, 58046180
07/01/24, 212.09, 217.51, 211.92, 216.75, 60402930
06/28/24, 215.77, 216.07, 210.30, 210.62, 82542719
06/27/24, 214.69, 215.7395, 212.35, 214.10, 49772711
06/26/24, 211.50, 214.86, 210.64, 213.25, 66213195
06/25/24, 209.15, 211.38, 208.61, 209.07, 56713871
06/24/24, 207.72, 212.70, 206.59, 208.14, 80727008
06/21/24, 210.39, 211.89, 207.11, 207.49, 246421406
06/20/24, 213.93, 214.24, 208.85, 209.68, 86172445
06/18/24, 217.59, 218.63, 213.00, 214.29, 79943250
06/17/24, 213.37, 218.95, 212.72, 216.67, 93728305
06/14/24, 213.85, 215.17, 211.30, 212.49, 70122750
06/13/24, 214.74, 216.75, 211.60, 214.24, 97862727
06/12/24, 207.37, 220.20, 206.90, 213.07, 198134297
06/11/24, 193.65, 207.16, 193.63, 207.15, 172373297
06/10/24, 196.90, 197.30, 192.15, 193.12, 97262078
06/07/24, 194.65, 196.94, 194.14, 196.89, 53103910
06/06/24, 195.685, 196.50, 194.17, 194.48, 41181754
06/05/24, 195.40, 196.90, 194.87, 195.87, 54156793
06/04/24, 194.635, 195.32, 193.0342, 194.35, 47471449
06/03/24, 192.90, 194.99, 192.52, 194.03, 50080539
05/31/24, 191.44, 192.57, 189.91, 192.25, 75158281
05/30/24, 190.76, 192.18, 190.63, 191.29, 49947941
05/29/24, 189.61, 192.247, 189.51, 190.29, 53068020
05/28/24, 191.51, 193.00, 189.10, 189.99, 52280047
05/24/24, 188.82, 190.58, 188.0404, 189.98, 36326980
05/23/24, 190.98, 191.00, 186.625, 186.88, 51005922
05/22/24, 192.265, 192.8231, 190.27, 190.90, 34648551
05/21/24, 191.09, 192.73, 190.9201, 192.35, 42309398
05/20/24, 189.325, 191.9199, 189.01, 191.04, 44361281
05/17/24, 189.51, 190.81, 189.18, 189.87, 41282930
05/16/24, 190.47, 191.095, 189.6601, 189.84, 52845230
05/15/24, 187.91, 190.65, 187.37, 189.72, 70399992
05/14/24, 187.51, 188.30, 186.29, 187.43, 52393621
05/13/24, 185.435, 187.10, 184.62, 186.28, 72044805
05/10/24, 184.90, 185.09, 182.13, 183.05, 50759500
05/09/24, 182.56, 184.66, 182.11, 184.57, 48982969
05/08/24, 182.85, 183.07, 181.45, 182.74, 45057090
05/07/24, 183.45, 184.90, 181.32, 182.40, 77305766
05/06/24, 182.354, 184.20, 180.42, 181.71, 78569672
05/03/24, 186.645, 187.00, 182.66, 183.38, 163224094
05/02/24, 172.51, 173.415, 170.89, 173.03, 94214922
05/01/24, 169.58, 172.705, 169.11, 169.30, 50383152
04/30/24, 173.33, 174.99, 170.00, 170.33, 65934781
04/29/24, 173.37, 176.03, 173.10, 173.50, 68169422
04/26/24, 169.88, 171.34, 169.18, 169.30, 44838352
04/25/24, 169.525, 170.61, 168.1511, 169.89, 50558328
04/24/24, 166.54, 169.30, 166.21, 169.02, 48251840
04/23/24, 165.35, 167.05, 164.92, 166.90, 49537762
04/22/24, 165.515, 167.26, 164.77, 165.84, 48116441
04/19/24, 166.21, 166.40, 164.075, 165.00, 68149375
04/18/24, 168.03, 168.64, 166.55, 167.04, 43122898
04/17/24, 169.61, 170.65, 168.00, 168.00, 50901207
04/16/24, 171.75, 173.76, 168.27, 169.38, 73711242
04/15/24, 175.36, 176.63, 172.50, 172.69, 73531766
04/12/24, 174.26, 178.36, 174.21, 176.55, 101670898
04/11/24, 168.34, 175.46, 168.16, 175.04, 91070281
04/10/24, 168.80, 169.09, 167.11, 167.78, 49709340
04/09/24, 168.70, 170.08, 168.35, 169.67, 42451207
04/08/24, 169.03, 169.20, 168.24, 168.45, 37425512
04/05/24, 169.59, 170.39, 168.95, 169.58, 42104832
04/04/24, 170.29, 171.92, 168.82, 168.82, 53704391
04/03/24, 168.79, 170.68, 168.58, 169.65, 47691719
04/02/24, 169.08, 169.34, 168.2302, 168.84, 49329480
04/01/24, 171.19, 171.25, 169.475, 170.03, 46240500
03/28/24, 171.75, 172.23, 170.51, 171.48, 65672688
03/27/24, 170.41, 173.60, 170.11, 173.31, 60273273
03/26/24, 170.00, 171.42, 169.58, 169.71, 57388449
03/25/24, 170.565, 171.94, 169.45, 170.85, 54288328
03/22/24, 171.76, 173.05, 170.06, 172.28, 71160141
03/21/24, 177.05, 177.49, 170.84, 171.37, 106181297
03/20/24, 175.72, 178.67, 175.09, 178.67, 53423102
03/19/24, 174.34, 176.605, 173.03, 176.08, 55215238
03/18/24, 175.57, 177.71, 173.52, 173.72, 75604180
03/15/24, 171.17, 172.62, 170.285, 172.62, 121752703
03/14/24, 172.91, 174.3078, 172.05, 173.00, 72913516
03/13/24, 172.77, 173.185, 170.76, 171.13, 52488688
03/12/24, 173.15, 174.03, 171.01, 173.23, 59825367
03/11/24, 172.94, 174.38, 172.05, 172.75, 60139473
03/08/24, 169.00, 173.70, 168.94, 170.73, 76267039
03/07/24, 169.15, 170.73, 168.49, 169.00, 71765055
03/06/24, 171.06, 171.24, 168.68, 169.12, 68587711
03/05/24, 170.76, 172.04, 169.62, 170.12, 95132359
03/04/24, 176.15, 176.90, 173.79, 175.10, 81510094
03/01/24, 179.55, 180.53, 177.38, 179.66, 73563078
02/29/24, 181.27, 182.57, 179.53, 180.75, 136682594
02/28/24, 182.51, 183.12, 180.13, 181.42, 48953941
02/27/24, 181.10, 183.9225, 179.56, 182.63, 54318848
02/26/24, 182.24, 182.76, 180.65, 181.16, 40867422
02/23/24, 185.01, 185.04, 182.23, 182.52, 45119680
02/22/24, 183.48, 184.955, 182.46, 184.37, 52292207
02/21/24, 181.94, 182.8888, 180.66, 182.32, 41529672
02/20/24, 181.79, 182.43, 180.00, 181.56, 53665551
02/16/24, 183.42, 184.85, 181.665, 182.31, 49752473
02/15/24, 183.55, 184.49, 181.35, 183.86, 65434500
02/14/24, 185.32, 185.53, 182.44, 184.15, 54630520
02/13/24, 185.77, 186.21, 183.5128, 185.04, 56529527
02/12/24, 188.415, 188.67, 186.79, 187.15, 41781930
02/09/24, 188.65, 189.99, 188.00, 188.85, 45155219
02/08/24, 189.385, 189.535, 187.35, 188.32, 40962047
02/07/24, 190.64, 191.05, 188.61, 189.41, 53438961
02/06/24, 186.86, 189.31, 186.7695, 189.30, 43490762
02/05/24, 188.15, 189.25, 185.84, 187.68, 69668812
02/02/24, 179.86, 187.33, 179.25, 185.85, 102551695
02/01/24, 183.985, 186.95, 183.82, 186.86, 64885406
01/31/24, 187.04, 187.095, 184.35, 184.40, 55467801
01/30/24, 190.94, 191.80, 187.47, 188.04, 55859367
01/29/24, 192.01, 192.20, 189.58, 191.73, 47145621
01/26/24, 194.27, 194.76, 191.94, 192.42, 44594008
01/25/24, 195.22, 196.2675, 193.1125, 194.17, 54822129
01/24/24, 195.42, 196.38, 194.34, 194.50, 53631320
01/23/24, 195.02, 195.75, 193.8299, 195.18, 42355594
01/22/24, 192.30, 195.33, 192.26, 193.89, 60133848
01/19/24, 189.33, 191.95, 188.82, 191.56, 68902992
01/18/24, 186.09, 189.14, 185.83, 188.63, 78005750
01/17/24, 181.27, 182.93, 180.30, 182.68, 47317434
01/16/24, 182.16, 184.26, 180.934, 183.63, 65603039
01/12/24, 186.06, 186.74, 185.19, 185.92, 40477781
01/11/24, 186.54, 187.05, 183.62, 185.59, 49128406
01/10/24, 184.35, 186.40, 183.92, 186.19, 46792910
01/09/24, 183.92, 185.15, 182.73, 185.14, 42841809
01/08/24, 182.085, 185.60, 181.50, 185.56, 59144473
01/05/24, 181.99, 182.76, 180.17, 181.18, 62379660
01/04/24, 182.15, 183.0872, 180.88, 181.91, 71983570
01/03/24, 184.22, 185.88, 183.43, 184.25, 58414461
01/02/24, 187.15, 188.44, 183.885, 185.64, 82488672
12/29/23, 193.90, 194.40, 191.725, 192.53, 42672152
12/28/23, 194.14, 194.66, 193.17, 193.58, 34049898
12/27/23, 192.49, 193.50, 191.09, 193.15, 48087680
12/26/23, 193.61, 193.89, 192.83, 193.05, 28919311
12/22/23, 195.18, 195.41, 192.97, 193.60, 37149566
12/21/23, 196.10, 197.08, 193.50, 194.68, 46482551
12/20/23, 196.90, 197.68, 194.83, 194.83, 52242820
12/19/23, 196.16, 196.95, 195.89, 196.94, 40714047
12/18/23, 196.09, 196.63, 194.39, 195.89, 55751859
12/15/23, 197.53, 198.3999, 197.00, 197.57, 128538398
12/14/23, 198.02, 199.62, 196.16, 198.11, 66831570
12/13/23, 195.09, 198.00, 194.85, 197.96, 70404180
12/12/23, 193.08, 194.72, 191.721, 194.71, 52696898
12/11/23, 193.11, 193.49, 191.42, 193.18, 60943699
12/08/23, 194.20, 195.99, 193.67, 195.71, 53406359
12/07/23, 193.63, 195.00, 193.59, 194.27, 47477660
12/06/23, 194.45, 194.76, 192.11, 192.32, 41089738
12/05/23, 190.21, 194.40, 190.18, 193.42, 66628398
12/04/23, 189.98, 190.05, 187.4511, 189.43, 43389520
12/01/23, 190.33, 191.56, 189.23, 191.24, 45704820
11/30/23, 189.84, 190.32, 188.19, 189.95, 48794367
11/29/23, 190.90, 192.09, 188.97, 189.37, 43014219
11/28/23, 189.78, 191.08, 189.40, 190.40, 38415422
11/27/23, 189.92, 190.67, 188.90, 189.79, 40552609
11/24/23, 190.87, 190.90, 189.25, 189.97, 24048340
11/22/23, 191.49, 192.93, 190.825, 191.31, 39630008
11/21/23, 191.41, 191.52, 189.74, 190.64, 38134488
11/20/23, 189.89, 191.905, 189.88, 191.45, 46538609
11/17/23, 190.25, 190.38, 188.57, 189.69, 50941398
11/16/23, 189.57, 190.96, 188.65, 189.71, 54412922
11/15/23, 187.845, 189.50, 187.78, 188.01, 53790500
11/14/23, 187.70, 188.11, 186.30, 187.44, 60108379
11/13/23, 185.82, 186.03, 184.21, 184.80, 43627520
11/10/23, 183.97, 186.565, 183.53, 186.40, 66177922
11/09/23, 182.96, 184.12, 181.81, 182.41, 53763539
11/08/23, 182.35, 183.45, 181.59, 182.89, 49340281
11/07/23, 179.18, 182.44, 178.97, 181.82, 70529969
11/06/23, 176.38, 179.43, 176.21, 179.23, 63841312
11/03/23, 174.24, 176.82, 173.35, 176.65, 79829250
11/02/23, 175.52, 177.78, 175.46, 177.57, 77334750
11/01/23, 171.00, 174.23, 170.12, 173.97, 56934910
10/31/23, 169.35, 170.90, 167.90, 170.77, 44846020
10/30/23, 169.02, 171.17, 168.87, 170.29, 51130961
10/27/23, 166.91, 168.96, 166.83, 168.22, 58499129
10/26/23, 170.37, 171.3775, 165.67, 166.89, 70625266
10/25/23, 171.88, 173.06, 170.65, 171.10, 57156961
10/24/23, 173.05, 173.67, 171.45, 173.44, 43816641
10/23/23, 170.91, 174.01, 169.93, 173.00, 55980113
10/20/23, 175.31, 175.42, 172.64, 172.88, 64244031
10/19/23, 176.04, 177.84, 175.19, 175.46, 59302859
10/18/23, 175.58, 177.575, 175.11, 175.84, 54764379
10/17/23, 176.645, 178.42, 174.80, 177.15, 57549352
10/16/23, 176.75, 179.075, 176.51, 178.72, 52516980
10/13/23, 181.42, 181.93, 178.14, 178.85, 51456078
10/12/23, 180.07, 182.34, 179.04, 180.71, 56743121
10/11/23, 178.20, 179.85, 177.60, 179.80, 47551102
10/10/23, 178.10, 179.72, 177.95, 178.39, 43698020
10/09/23, 176.81, 179.05, 175.80, 178.99, 42390770
10/06/23, 173.80, 177.99, 173.18, 177.49, 57266680
10/05/23, 173.79, 175.45, 172.68, 174.91, 48527922
10/04/23, 171.09, 174.21, 170.97, 173.66, 53020289
10/03/23, 172.255, 173.63, 170.82, 172.40, 49594609
10/02/23, 171.22, 174.30, 170.93, 173.75, 52164539
09/29/23, 172.02, 173.07, 170.341, 171.21, 51861078
09/28/23, 169.34, 172.03, 167.62, 170.69, 56294422
09/27/23, 172.62, 173.04, 169.05, 170.43, 66921805
09/26/23, 174.82, 175.20, 171.66, 171.96, 64588953
09/25/23, 174.20, 176.97, 174.15, 176.08, 46172738
09/22/23, 174.67, 177.079, 174.05, 174.79, 56725391
09/21/23, 174.55, 176.30, 173.86, 173.93, 63149121
09/20/23, 179.26, 179.695, 175.40, 175.49, 58436180
09/19/23, 177.52, 179.63, 177.13, 179.07, 51826941
09/18/23, 176.48, 179.38, 176.17, 177.97, 67257570
09/15/23, 176.48, 176.495, 173.82, 175.01, 109259508
09/14/23, 174.00, 176.10, 173.58, 175.74, 60895762
09/13/23, 176.51, 177.30, 173.98, 174.21, 84267930
09/12/23, 179.49, 180.13, 174.82, 176.30, 90370195
09/11/23, 180.07, 180.30, 177.34, 179.36, 58953047
09/08/23, 178.35, 180.239, 177.79, 178.18, 65602070
09/07/23, 175.18, 178.21, 173.54, 177.56, 112488797
09/06/23, 188.40, 188.85, 181.47, 182.91, 81755820
09/05/23, 188.28, 189.98, 187.61, 189.70, 45280031
09/01/23, 189.485, 189.92, 188.28, 189.46, 45766500
08/31/23, 187.84, 189.12, 187.48, 187.87, 60794473
08/30/23, 184.94, 187.85, 184.74, 187.65, 60813887
08/29/23, 179.695, 184.90, 179.50, 184.12, 53003953
08/28/23, 180.09, 180.59, 178.545, 180.19, 43820699
08/25/23, 177.38, 179.15, 175.82, 178.61, 51449594
08/24/23, 180.674, 181.104, 176.01, 176.38, 54945801
08/23/23, 178.52, 181.55, 178.325, 181.12, 52722754
08/22/23, 177.06, 177.68, 176.25, 177.23, 42084246
08/21/23, 175.07, 176.13, 173.735, 175.84, 46311879
08/18/23, 172.30, 175.10, 171.96, 174.49, 61172152
08/17/23, 177.14, 177.5054, 173.48, 174.00, 66062883
08/16/23, 177.13, 178.54, 176.50, 176.57, 46964859
08/15/23, 178.88, 179.48, 177.05, 177.45, 43622594
08/14/23, 177.97, 179.69, 177.305, 179.46, 43675633
08/11/23, 177.32, 178.62, 176.55, 177.79, 52036672
08/10/23, 179.48, 180.75, 177.60, 177.97, 54686848
08/09/23, 180.87, 180.93, 177.01, 178.19, 60378488
08/08/23, 179.69, 180.27, 177.58, 179.80, 67823000
08/07/23, 182.13, 183.13, 177.35, 178.85, 97576070
08/04/23, 185.52, 187.38, 181.92, 181.99, 115956797
08/03/23, 191.57, 192.37, 190.69, 191.17, 62243281
08/02/23, 195.04, 195.18, 191.8507, 192.58, 50389328
08/01/23, 196.235, 196.73, 195.28, 195.605, 35281434
07/31/23, 196.06, 196.49, 195.26, 196.45, 38824113
07/28/23, 194.67, 196.626, 194.14, 195.83, 48291441
07/27/23, 196.02, 197.20, 192.55, 193.22, 47460180
07/26/23, 193.67, 195.64, 193.32, 194.50, 47471871
07/25/23, 193.33, 194.44, 192.915, 193.62, 37283199
07/24/23, 193.41, 194.91, 192.25, 192.75, 45505102
07/21/23, 194.10, 194.97, 191.23, 191.94, 71951680
07/20/23, 195.09, 196.47, 192.495, 193.13, 59581199
07/19/23, 193.10, 198.23, 192.65, 195.10, 80507320
07/18/23, 193.35, 194.33, 192.415, 193.73, 48353770
07/17/23, 191.90, 194.32, 191.81, 193.99, 50520160
07/14/23, 190.23, 191.1799, 189.63, 190.69, 41616238
07/13/23, 190.50, 191.19, 189.78, 190.54, 41342340
07/12/23, 189.68, 191.70, 188.47, 189.77, 60750246
07/11/23, 189.16, 189.30, 186.60, 188.08, 46638121
07/10/23, 189.26, 189.99, 187.035, 188.61, 59922160
07/07/23, 191.41, 192.67, 190.24, 190.68, 46815000
07/06/23, 189.84, 192.02, 189.20, 191.81, 45156008
07/05/23, 191.565, 192.98, 190.62, 191.33, 46920262
07/03/23, 193.78, 193.88, 191.76, 192.46, 31346600
06/30/23, 191.63, 194.48, 191.26, 193.97, 85213219
06/29/23, 189.08, 190.07, 188.94, 189.59, 46347312
06/28/23, 187.93, 189.90, 187.60, 189.25, 51216801
06/27/23, 185.89, 188.39, 185.67, 188.06, 50730848
06/26/23, 186.83, 188.05, 185.23, 185.27, 48088660
06/23/23, 185.55, 187.56, 185.01, 186.68, 53117000
06/22/23, 183.74, 187.045, 183.67, 187.00, 51245328
06/21/23, 184.90, 185.41, 182.5901, 183.96, 49515699
06/20/23, 184.41, 186.10, 184.41, 185.01, 49799090
06/16/23, 186.73, 186.99, 184.27, 184.92, 101256203
06/15/23, 183.96, 186.52, 183.78, 186.01, 65433168
06/14/23, 183.37, 184.39, 182.02, 183.95, 57462879
06/13/23, 182.80, 184.15, 182.44, 183.31, 54929129
06/12/23, 181.27, 183.89, 180.97, 183.79, 54755000
06/09/23, 181.50, 182.23, 180.63, 180.96, 48899969
06/08/23, 177.895, 180.84, 177.46, 180.57, 50214879
06/07/23, 178.44, 181.21, 177.32, 177.82, 61944621
06/06/23, 179.965, 180.12, 177.43, 179.21, 64848367
06/05/23, 182.63, 184.951, 178.035, 179.58, 121946492
06/02/23, 181.03, 181.78, 179.26, 180.95, 61996910
06/01/23, 177.70, 180.12, 176.9306, 180.09, 68901805
05/31/23, 177.325, 179.35, 176.76, 177.25, 99625289
05/30/23, 176.96, 178.99, 176.57, 177.30, 55964398
05/26/23, 173.32, 175.77, 173.11, 175.43, 54834980
05/25/23, 172.41, 173.895, 171.69, 172.99, 56058262
05/24/23, 171.09, 172.4183, 170.52, 171.84, 45143488
05/23/23, 173.13, 173.3794, 171.275, 171.56, 50747262
05/22/23, 173.98, 174.71, 173.45, 174.20, 43570930
05/19/23, 176.39, 176.39, 174.94, 175.16, 55809480
05/18/23, 173.00, 175.24, 172.58, 175.05, 65496660
05/17/23, 171.71, 172.925, 170.4201, 172.69, 57951602
05/16/23, 171.99, 173.1383, 171.7991, 172.07, 42110289
05/15/23, 173.16, 173.21, 171.47, 172.07, 37266660
05/12/23, 173.62, 174.06, 171.00, 172.57, 45533141
05/11/23, 173.85, 174.59, 172.17, 173.75, 49514680
05/10/23, 173.02, 174.03, 171.90, 173.555, 53724500
05/09/23, 173.05, 173.54, 171.60, 171.77, 45326871
05/08/23, 172.48, 173.85, 172.11, 173.50, 55962793
05/05/23, 170.975, 174.30, 170.76, 173.57, 113453203
05/04/23, 164.89, 167.04, 164.31, 165.79, 81235430
05/03/23, 169.50, 170.92, 167.16, 167.45, 65136020
05/02/23, 170.09, 170.35, 167.54, 168.54, 48425699
05/01/23, 169.28, 170.45, 168.64, 169.59, 52472941
04/28/23, 168.49, 169.85, 167.8801, 169.68, 55275848
04/27/23, 165.19, 168.56, 165.19, 168.41, 64902328
04/26/23, 163.055, 165.28, 162.80, 163.76, 45498801
04/25/23, 165.19, 166.305, 163.73, 163.77, 48714059
04/24/23, 165.00, 165.60, 163.89, 165.33, 41949578
04/21/23, 165.05, 166.4521, 164.49, 165.02, 58337340
04/20/23, 166.09, 167.87, 165.56, 166.65, 52456379
04/19/23, 165.80, 168.16, 165.54, 167.63, 47720168
04/18/23, 166.10, 167.41, 165.65, 166.47, 49923008
04/17/23, 165.09, 165.39, 164.03, 165.23, 41516219
04/14/23, 164.59, 166.32, 163.82, 165.21, 49386480
04/13/23, 161.63, 165.80, 161.42, 165.56, 68445648
04/12/23, 161.22, 162.06, 159.78, 160.10, 50133059
04/11/23, 162.35, 162.36, 160.51, 160.80, 47644219
04/10/23, 161.42, 162.03, 160.08, 162.03, 47716879
04/06/23, 162.43, 164.9584, 162.00, 164.66, 45390121
04/05/23, 164.74, 165.05, 161.80, 163.76, 51511738
04/04/23, 166.595, 166.84, 165.11, 165.63, 46278301
04/03/23, 164.27, 166.29, 164.22, 166.17, 56976191
03/31/23, 162.44, 165.00, 161.91, 164.90, 68749789
03/30/23, 161.53, 162.47, 161.271, 162.36, 49501688
03/29/23, 159.37, 161.05, 159.35, 160.77, 51305688
03/28/23, 157.97, 158.49, 155.98, 157.65, 45992152
03/27/23, 159.94, 160.77, 157.87, 158.28, 52390273
03/24/23, 158.86, 160.34, 157.85, 160.25, 59256340
03/23/23, 158.83, 161.5501, 157.68, 158.93, 67622062
03/22/23, 159.30, 162.14, 157.81, 157.83, 75701805
03/21/23, 157.32, 159.40, 156.54, 159.28, 73938289
03/20/23, 155.07, 157.82, 154.15, 157.40, 73641422
03/17/23, 156.08, 156.74, 154.28, 155.00, 98944633
03/16/23, 152.16, 156.46, 151.64, 155.85, 76254414
03/15/23, 151.19, 153.245, 149.92, 152.99, 77167875
03/14/23, 151.28, 153.40, 150.10, 152.59, 73695891
03/13/23, 147.805, 153.14, 147.70, 150.47, 84457117
03/10/23, 150.21, 150.94, 147.6096, 148.50, 68572398
03/09/23, 153.559, 154.535, 150.225, 150.59, 53833578
03/08/23, 152.81, 153.47, 151.83, 152.87, 47204793
03/07/23, 153.70, 154.0299, 151.13, 151.60, 56182031
03/06/23, 153.785, 156.30, 153.46, 153.83, 87558031
03/03/23, 148.045, 151.11, 147.33, 151.03, 70732305
03/02/23, 144.38, 146.71, 143.90, 145.91, 52279762
03/01/23, 146.83, 147.2285, 145.01, 145.31, 55478992
02/28/23, 147.05, 149.08, 146.83, 147.41, 50547000
02/27/23, 147.71, 149.17, 147.45, 147.92, 44998473
02/24/23, 147.11, 147.19, 145.7202, 146.71, 55469609
02/23/23, 150.09, 150.34, 147.24, 149.40, 48394246
02/22/23, 148.87, 149.95, 147.16, 148.91, 51011312
02/21/23, 150.20, 151.30, 148.405, 148.48, 58867230
02/17/23, 152.35, 153.00, 150.85, 152.55, 59144121
02/16/23, 153.51, 156.33, 153.3475, 153.71, 68167938
02/15/23, 153.11, 155.50, 152.88, 155.33, 65669250
02/14/23, 152.12, 153.77, 150.86, 153.20, 61707566
02/13/23, 150.952, 154.26, 150.92, 153.85, 62199008
02/10/23, 149.46, 151.3401, 149.22, 151.01, 57450711
02/09/23, 153.775, 154.33, 150.42, 150.87, 56007141
02/08/23, 153.88, 154.58, 151.168, 151.92, 64120078
02/07/23, 150.64, 155.23, 150.64, 154.65, 83322555
02/06/23, 152.575, 153.10, 150.78, 151.73, 69858312
02/03/23, 148.03, 157.38, 147.83, 154.50, 154357297
02/02/23, 148.90, 151.18, 148.17, 150.82, 118339000
02/01/23, 143.97, 146.61, 141.32, 145.43, 77663633
01/31/23, 142.70, 144.34, 142.28, 144.29, 65874461
01/30/23, 144.955, 145.55, 142.85, 143.00, 64015273
01/27/23, 143.155, 147.23, 143.08, 145.93, 70555844
01/26/23, 143.17, 144.25, 141.90, 143.96, 54105070
01/25/23, 140.89, 142.43, 138.81, 141.86, 65799352
01/24/23, 140.305, 143.16, 140.30, 142.53, 66435141
01/23/23, 138.12, 143.315, 137.90, 141.11, 81760312
01/20/23, 135.28, 138.02, 134.22, 137.87, 80223633
01/19/23, 134.08, 136.25, 133.77, 135.27, 58280406
01/18/23, 136.815, 138.61, 135.03, 135.21, 69672797
01/17/23, 134.83, 137.29, 134.13, 135.94, 63646633
01/13/23, 132.03, 134.92, 131.66, 134.76, 57809719
01/12/23, 133.88, 134.26, 131.44, 133.41, 71379648
01/11/23, 131.25, 133.51, 130.46, 133.49, 69458953
01/10/23, 130.26, 131.2636, 128.12, 130.73, 63896160
01/09/23, 130.465, 133.41, 129.89, 130.15, 70790805
01/06/23, 126.01, 130.29, 124.89, 129.62, 87754719
01/05/23, 127.13, 127.77, 124.76, 125.02, 80962711
01/04/23, 126.89, 128.6557, 125.08, 126.36, 89113633
01/03/23, 130.28, 130.90, 124.17, 125.07, 112117508
12/30/22, 128.41, 129.95, 127.43, 129.93, 77034211
12/29/22, 127.99, 130.4814, 127.73, 129.61, 75703711
12/28/22, 129.67, 131.0275, 125.87, 126.04, 85438391
12/27/22, 131.38, 131.41, 128.72, 130.03, 69007828
12/23/22, 130.92, 132.415, 129.64, 131.86, 63814887
12/22/22, 134.352, 134.56, 130.30, 132.23, 77852109
12/21/22, 132.98, 136.81, 132.75, 135.45, 85927992
12/20/22, 131.39, 133.25, 129.89, 132.30, 77432812
12/19/22, 135.11, 135.20, 131.32, 132.37, 79592609
12/16/22, 136.685, 137.65, 133.73, 134.51, 160156891
12/15/22, 141.11, 141.80, 136.025, 136.50, 98931914
12/14/22, 145.35, 146.655, 141.16, 143.21, 82291188
12/13/22, 149.50, 149.9692, 144.24, 145.47, 93886156
12/12/22, 142.70, 144.50, 141.06, 144.49, 70462648
12/09/22, 142.34, 145.57, 140.90, 142.16, 76097008
12/08/22, 142.36, 143.52, 141.10, 142.65, 62128340
12/07/22, 142.19, 143.37, 140.00, 140.94, 69721086
12/06/22, 147.075, 147.30, 141.92, 142.91, 64727191
12/05/22, 147.77, 150.9199, 145.77, 146.63, 68826438
12/02/22, 145.96, 148.00, 145.65, 147.81, 65447449
12/01/22, 148.21, 149.13, 146.61, 148.31, 71250414
11/30/22, 141.395, 148.72, 140.55, 148.03, 111380898
11/29/22, 144.29, 144.81, 140.355, 141.17, 83763797
11/28/22, 145.14, 146.64, 143.38, 144.22, 69346523
11/25/22, 148.305, 148.88, 147.12, 148.11, 35195859
11/23/22, 149.45, 151.83, 149.34, 151.07, 58301398
11/22/22, 148.13, 150.42, 146.925, 150.18, 51804129
11/21/22, 150.16, 150.37, 147.715, 148.01, 58724070
11/18/22, 152.305, 152.70, 149.97, 151.29, 74829570
11/17/22, 146.43, 151.48, 146.15, 150.72, 80389398
11/16/22, 149.13, 149.87, 147.29, 148.79, 64218273
11/15/22, 152.215, 153.59, 148.5613, 150.04, 89868328
11/14/22, 148.97, 150.28, 147.43, 148.28, 73374109
11/11/22, 145.82, 150.01, 144.37, 149.70, 93979672
11/10/22, 141.24, 146.87, 139.50, 146.87, 118854000
11/09/22, 138.50, 138.55, 134.5933, 134.87, 74917789
11/08/22, 140.41, 141.43, 137.49, 139.50, 89908477
11/07/22, 137.11, 139.145, 135.671, 138.92, 83374633
11/04/22, 142.09, 142.67, 134.38, 138.38, 140814797
11/03/22, 142.06, 142.80, 138.75, 138.88, 97918523
11/02/22, 148.945, 152.17, 145.00, 145.03, 93604625
11/01/22, 155.08, 155.45, 149.13, 150.65, 80379352
10/31/22, 153.155, 154.24, 151.92, 153.34, 97943172
10/28/22, 148.20, 157.50, 147.82, 155.74, 164762406
10/27/22, 148.07, 149.046, 144.13, 144.80, 109180203
10/26/22, 150.96, 151.99, 148.04, 149.35, 88436172
10/25/22, 150.09, 152.49, 149.36, 152.34, 74732289
10/24/22, 147.185, 150.23, 146.00, 149.45, 75981922
10/21/22, 142.87, 147.8479, 142.649, 147.27, 86548609
10/20/22, 143.02, 145.89, 142.65, 143.39, 64521992
10/19/22, 141.69, 144.9492, 141.50, 143.86, 61758340
10/18/22, 145.49, 146.70, 140.61, 143.75, 99136609
10/17/22, 141.065, 142.90, 140.27, 142.41, 85250945
10/14/22, 144.31, 144.52, 138.19, 138.38, 88597969
10/13/22, 134.99, 143.59, 134.37, 142.99, 113224000
10/12/22, 139.13, 140.36, 138.16, 138.34, 70433742
10/11/22, 139.90, 141.35, 138.22, 138.98, 77033672
10/10/22, 140.42, 141.89, 138.5729, 140.42, 74899000
10/07/22, 142.54, 143.10, 139.445, 140.09, 85925562
10/06/22, 145.81, 147.54, 145.22, 145.43, 68402172
10/05/22, 144.075, 147.38, 143.01, 146.40, 79470969
10/04/22, 145.03, 146.22, 144.26, 146.10, 87830062
10/03/22, 138.21, 143.07, 137.685, 142.45, 114311695
09/30/22, 141.28, 143.10, 138.00, 138.20, 124925297
09/29/22, 146.10, 146.72, 140.68, 142.48, 128138203
09/28/22, 147.64, 150.6414, 144.84, 149.84, 146691391
09/27/22, 152.74, 154.72, 149.945, 151.76, 84442734
09/26/22, 149.66, 153.7701, 149.64, 150.77, 93339406
09/23/22, 151.19, 151.47, 148.56, 150.43, 96029914
09/22/22, 152.38, 154.47, 150.91, 152.74, 86652547
09/21/22, 157.34, 158.74, 153.60, 153.72, 101696797
09/20/22, 153.40, 158.08, 153.08, 156.90, 107689797
09/19/22, 149.31, 154.56, 149.10, 154.48, 81474250
09/16/22, 151.21, 151.35, 148.37, 150.70, 162278797
09/15/22, 154.65, 155.24, 151.38, 152.37, 90481109
09/14/22, 154.785, 157.10, 153.6106, 155.31, 87965406
09/13/22, 159.90, 160.54, 153.37, 153.84, 122656602
09/12/22, 159.59, 164.26, 159.30, 163.43, 104956000
09/09/22, 155.47, 157.82, 154.75, 157.37, 68081008
09/08/22, 154.64, 156.36, 152.68, 154.46, 84923852
09/07/22, 154.825, 156.67, 153.61, 155.96, 87449570
09/06/22, 156.47, 157.09, 153.69, 154.53, 73714844
09/02/22, 159.75, 160.362, 154.965, 155.81, 76957766
09/01/22, 156.64, 158.42, 154.67, 157.96, 74229906
08/31/22, 160.305, 160.58, 157.14, 157.22, 87991086
08/30/22, 162.13, 162.56, 157.72, 158.91, 77906203
08/29/22, 161.145, 162.90, 159.82, 161.38, 73313953
08/26/22, 170.57, 171.05, 163.56, 163.62, 78960977
08/25/22, 168.78, 170.14, 168.35, 170.03, 51218207
08/24/22, 167.32, 168.11, 166.245, 167.53, 53841520
08/23/22, 167.08, 168.71, 166.65, 167.23, 54147078
08/22/22, 169.69, 169.86, 167.135, 167.57, 69026805
08/19/22, 173.03, 173.74, 171.3101, 171.52, 70346305
08/18/22, 173.75, 174.90, 173.12, 174.15, 62290078
08/17/22, 172.77, 176.15, 172.57, 174.55, 79542039
08/16/22, 172.78, 173.71, 171.6618, 173.03, 56377047
08/15/22, 171.52, 173.39, 171.345, 173.19, 54091688
08/12/22, 169.82, 172.17, 169.40, 172.10, 68039375
08/11/22, 170.06, 170.99, 168.19, 168.49, 57149160
08/10/22, 167.68, 169.34, 166.90, 169.24, 70170547
08/09/22, 164.02, 165.82, 163.25, 164.92, 63135500
08/08/22, 166.37, 167.81, 164.20, 164.87, 60362340
08/05/22, 163.21, 165.85, 163.00, 165.35, 56696992
08/04/22, 166.005, 167.19, 164.43, 165.81, 55474141
08/03/22, 160.84, 166.59, 160.75, 166.13, 82507484
08/02/22, 160.10, 162.41, 159.63, 160.01, 59907031
08/01/22, 161.01, 163.59, 160.89, 161.51, 67829375
07/29/22, 161.24, 163.63, 159.50, 162.51, 101786898
07/28/22, 156.98, 157.64, 154.41, 157.35, 81378727
07/27/22, 152.58, 157.33, 152.16, 156.79, 78620688
07/26/22, 152.265, 153.085, 150.80, 151.60, 55138688
07/25/22, 154.01, 155.04, 152.28, 152.95, 53623953
07/22/22, 155.39, 156.28, 153.41, 154.09, 66675406
07/21/22, 154.50, 155.57, 151.94, 155.35, 65086641
07/20/22, 151.12, 153.72, 150.37, 153.04, 64823406
07/19/22, 147.92, 151.23, 146.91, 151.00, 82982367
07/18/22, 150.74, 151.57, 146.70, 147.07, 81420875
07/15/22, 149.78, 150.86, 148.20, 150.17, 76259930
07/14/22, 144.08, 148.95, 143.25, 148.47, 78140734
07/13/22, 142.99, 146.45, 142.1201, 145.49, 71185562
07/12/22, 145.76, 148.45, 145.05, 145.86, 77588758
07/11/22, 145.67, 146.64, 143.78, 144.87, 63305113
07/08/22, 145.265, 147.55, 145.00, 147.04, 64547801
07/07/22, 143.29, 146.55, 143.28, 146.35, 66253711
07/06/22, 141.355, 144.12, 141.08, 142.92, 74064250
07/05/22, 137.77, 141.61, 136.93, 141.56, 73429641
07/01/22, 136.04, 139.04, 135.66, 138.93, 71051555
06/30/22, 137.25, 138.37, 133.7737, 136.72, 98964469
06/29/22, 137.46, 140.67, 136.67, 139.23, 66242406
06/28/22, 142.13, 143.422, 137.325, 137.44, 67315328
06/27/22, 142.695, 143.49, 140.965, 141.66, 70207914
06/24/22, 139.90, 141.91, 139.77, 141.66, 89116844
06/23/22, 136.82, 138.59, 135.63, 138.27, 72433766
06/22/22, 134.79, 137.76, 133.91, 135.35, 73409234
06/21/22, 133.42, 137.06, 133.32, 135.87, 81000484
06/17/22, 130.065, 133.079, 129.81, 131.56, 134520297
06/16/22, 132.08, 132.39, 129.04, 130.06, 107961508
06/15/22, 134.29, 137.34, 132.16, 135.43, 91532969
06/14/22, 133.13, 133.89, 131.48, 132.76, 84784328
06/13/22, 132.87, 135.20, 131.44, 131.88, 122207102
06/10/22, 140.28, 140.76, 137.06, 137.13, 91566641
06/09/22, 147.08, 147.95, 142.53, 142.64, 69472977
06/08/22, 148.58, 149.8697, 147.46, 147.96, 53950199
06/07/22, 144.345, 149.00, 144.10, 148.71, 67808148
06/06/22, 147.03, 148.5689, 144.90, 146.14, 71598383
06/03/22, 146.90, 147.97, 144.46, 145.38, 88570289
06/02/22, 147.83, 151.27, 146.86, 151.21, 72348062
06/01/22, 149.90, 151.74, 147.68, 148.71, 74286641
05/31/22, 149.07, 150.66, 146.84, 148.84, 103718398
05/27/22, 145.39, 149.68, 145.26, 149.64, 90978492
05/26/22, 137.39, 144.34, 137.14, 143.78, 90601555
05/25/22, 138.43, 141.785, 138.34, 140.52, 92482703
05/24/22, 140.805, 141.97, 137.33, 140.36, 104132703
05/23/22, 137.79, 143.26, 137.65, 143.11, 117726305
05/20/22, 139.09, 140.70, 132.61, 137.59, 137426094
05/19/22, 139.88, 141.66, 136.60, 137.35, 136095594
05/18/22, 146.85, 147.3601, 139.90, 140.82, 109742898
05/17/22, 148.86, 149.77, 146.68, 149.24, 78336250
05/16/22, 145.55, 147.5199, 144.18, 145.54, 86643773
05/13/22, 144.59, 148.105, 143.11, 147.11, 113990898
05/12/22, 142.77, 146.20, 138.80, 142.56, 182602000
05/11/22, 153.50, 155.45, 145.81, 146.50, 142689797
05/10/22, 155.52, 156.74, 152.93, 154.51, 115366703
05/09/22, 154.925, 155.83, 151.49, 152.06, 131577906
05/06/22, 156.01, 159.44, 154.18, 157.28, 116124602
05/05/22, 163.85, 164.08, 154.95, 156.77, 130525297
05/04/22, 159.67, 166.48, 159.26, 166.02, 108256492
05/03/22, 158.15, 160.71, 156.32, 159.48, 88966531
05/02/22, 156.71, 158.23, 153.27, 157.96, 123055297
04/29/22, 161.84, 166.20, 157.25, 157.65, 131747594
04/28/22, 159.25, 164.515, 158.93, 163.64, 130216797
04/27/22, 155.91, 159.79, 155.38, 156.57, 88063195
04/26/22, 162.25, 162.34, 156.72, 156.80, 95623242
04/25/22, 161.12, 163.17, 158.46, 162.88, 96046383
04/22/22, 166.46, 167.8699, 161.50, 161.79, 84882414
04/21/22, 168.91, 171.53, 165.91, 166.42, 87227766
04/20/22, 168.76, 168.88, 166.10, 167.23, 67929805
04/19/22, 165.02, 167.82, 163.91, 167.40, 67723828
04/18/22, 163.92, 166.5984, 163.57, 165.07, 69023938
04/14/22, 170.62, 171.27, 165.04, 165.29, 75329375
04/13/22, 167.39, 171.04, 166.77, 170.40, 70618930
04/12/22, 168.02, 169.87, 166.64, 167.66, 79265188
04/11/22, 168.71, 169.03, 165.50, 165.75, 72246711
04/08/22, 171.78, 171.78, 169.20, 170.09, 76575516
04/07/22, 171.16, 173.36, 169.85, 172.14, 77594648
04/06/22, 172.36, 173.63, 170.13, 171.83, 89058781
04/05/22, 177.50, 178.30, 174.415, 175.06, 73401789
04/04/22, 174.57, 178.49, 174.44, 178.44, 76545984
04/01/22, 174.03, 174.88, 171.94, 174.31, 78751328
03/31/22, 177.84, 178.03, 174.40, 174.61, 103049297
03/30/22, 178.55, 179.61, 176.70, 177.77, 92633148
03/29/22, 176.69, 179.01, 176.34, 178.96, 100589398
03/28/22, 172.17, 175.73, 172.00, 175.60, 90371922
03/25/22, 173.88, 175.28, 172.75, 174.72, 80546156
03/24/22, 171.06, 174.14, 170.21, 174.07, 90131422
03/23/22, 167.99, 172.64, 167.65, 170.21, 98062672
03/22/22, 165.51, 169.42, 164.91, 168.82, 81532008
03/21/22, 163.51, 166.35, 163.015, 165.38, 95811352
03/18/22, 160.51, 164.48, 159.76, 163.98, 123511695
03/17/22, 158.61, 161.00, 157.63, 160.62, 75615375
03/16/22, 157.05, 160.00, 154.46, 159.59, 102300203
03/15/22, 150.90, 155.57, 150.38, 155.09, 92964305
03/14/22, 151.45, 154.12, 150.10, 150.62, 108732094
03/11/22, 158.93, 159.28, 154.50, 154.73, 96970094
03/10/22, 160.20, 160.39, 155.98, 158.52, 105342000
03/09/22, 161.475, 163.41, 159.41, 162.95, 91454914
03/08/22, 158.82, 162.88, 155.80, 157.44, 131148297
03/07/22, 163.36, 165.02, 159.04, 159.30, 96418852
03/04/22, 164.49, 165.55, 162.10, 163.17, 83819594
03/03/22, 168.47, 168.91, 165.55, 166.23, 76678438
03/02/22, 164.39, 167.36, 162.95, 166.56, 79724750
03/01/22, 164.695, 166.60, 161.97, 163.20, 83474430
02/28/22, 163.06, 165.42, 162.43, 165.12, 95056633
02/25/22, 163.84, 165.12, 160.8738, 164.85, 91974227
02/24/22, 152.58, 162.85, 152.00, 162.74, 141147500
02/23/22, 165.54, 166.15, 159.75, 160.07, 90009250
02/22/22, 164.98, 166.69, 162.15, 164.32, 91162758
02/18/22, 169.82, 170.5413, 166.19, 167.30, 82772672
02/17/22, 171.03, 171.91, 168.47, 168.88, 69589344
02/16/22, 171.85, 173.34, 170.05, 172.55, 61177398
02/15/22, 170.97, 172.95, 170.25, 172.79, 64286320
02/14/22, 167.37, 169.58, 166.56, 168.88, 86185531
02/11/22, 172.33, 173.08, 168.04, 168.64, 98670688
02/10/22, 174.14, 175.48, 171.55, 172.12, 90865906
02/09/22, 176.05, 176.65, 174.90, 176.28, 71285039
02/08/22, 171.73, 175.35, 171.43, 174.83, 74829219
02/07/22, 172.86, 173.9458, 170.95, 171.66, 77251203
02/04/22, 171.68, 174.10, 170.68, 172.39, 82465398
02/03/22, 174.48, 176.2399, 172.12, 172.90, 89418070
02/02/22, 174.745, 175.88, 173.33, 175.84, 84914258
02/01/22, 174.01, 174.84, 172.31, 174.61, 86213914
01/31/22, 170.16, 175.00, 169.51, 174.78, 115541602
01/28/22, 165.71, 170.35, 162.80, 170.33, 179935703
01/27/22, 162.45, 163.84, 158.28, 159.22, 121954602
01/26/22, 163.50, 164.3894, 157.82, 159.69, 108275297
01/25/22, 158.98, 162.76, 157.02, 159.78, 115798398
01/24/22, 160.02, 162.30, 154.70, 161.62, 162706703
01/21/22, 164.415, 166.33, 162.30, 162.41, 122848898
01/20/22, 166.98, 169.68, 164.18, 164.51, 91420523
01/19/22, 170.00, 171.08, 165.94, 166.23, 94814992
01/18/22, 171.51, 172.54, 169.405, 169.80, 91168727
01/14/22, 171.34, 173.78, 171.09, 173.07, 80440781
01/13/22, 175.78, 176.62, 171.79, 172.19, 84505758
01/12/22, 176.12, 177.18, 174.82, 175.53, 74805172
01/11/22, 172.32, 175.18, 170.82, 175.08, 76138312
01/10/22, 169.08, 172.50, 168.17, 172.19, 106765602
01/07/22, 172.89, 174.14, 171.03, 172.17, 86709148
01/06/22, 172.70, 175.30, 171.64, 172.00, 96903961
01/05/22, 179.61, 180.17, 174.64, 174.92, 94537602
01/04/22, 182.63, 182.94, 179.12, 179.70, 99310438
01/03/22, 177.83, 182.88, 177.71, 182.01, 104701203
12/31/21, 178.085, 179.23, 177.26, 177.57, 64062262
12/30/21, 179.47, 180.57, 178.09, 178.20, 59773008
12/29/21, 179.33, 180.63, 178.14, 179.38, 62348930
12/28/21, 180.16, 181.33, 178.53, 179.29, 79144336
12/27/21, 177.085, 180.42, 177.07, 180.33, 74919586
12/23/21, 175.85, 176.8499, 175.27, 176.28, 68356570
12/22/21, 173.04, 175.86, 172.15, 175.64, 92135297
12/21/21, 171.555, 173.20, 169.12, 172.99, 91185914
12/20/21, 168.28, 170.58, 167.46, 169.75, 107499102
12/17/21, 169.93, 173.47, 169.69, 171.14, 195923391
12/16/21, 179.28, 181.14, 170.75, 172.26, 150185797
12/15/21, 175.11, 179.50, 172.3108, 179.30, 131063297
12/14/21, 175.25, 177.74, 172.21, 174.33, 139380406
12/13/21, 181.115, 182.13, 175.53, 175.74, 153236984
12/10/21, 175.205, 179.63, 174.69, 179.45, 115402703
12/09/21, 174.91, 176.75, 173.92, 174.56, 108923695
12/08/21, 172.125, 175.96, 170.70, 175.08, 116998898
12/07/21, 169.08, 171.58, 168.34, 171.18, 120405398
12/06/21, 164.29, 167.8799, 164.28, 165.32, 107497000
12/03/21, 164.02, 164.96, 159.72, 161.84, 118023102
12/02/21, 158.735, 164.20, 157.80, 163.76, 136739203
12/01/21, 167.48, 170.30, 164.53, 164.77, 152423016
11/30/21, 159.985, 165.52, 159.92, 165.30, 174048094
11/29/21, 159.37, 161.19, 158.7901, 160.24, 88748227
11/26/21, 159.565, 160.45, 156.36, 156.81, 76959750
11/24/21, 160.75, 162.14, 159.64, 161.94, 69463617
11/23/21, 161.12, 161.80, 159.0601, 161.41, 96041906
11/22/21, 161.68, 165.70, 161.00, 161.02, 117467906
11/19/21, 157.65, 161.02, 156.5328, 160.55, 117305602
11/18/21, 153.71, 158.67, 153.05, 157.87, 137827703
11/17/21, 150.995, 155.00, 150.99, 153.49, 88807000
11/16/21, 149.94, 151.488, 149.34, 151.00, 59256207
11/15/21, 150.37, 151.88, 149.43, 150.00, 59222801
11/12/21, 148.43, 150.40, 147.48, 149.99, 63804008
11/11/21, 148.96, 149.43, 147.681, 147.87, 40999953
11/10/21, 150.02, 150.13, 147.85, 147.92, 65187090
11/09/21, 150.20, 151.428, 150.0601, 150.81, 56787930
11/08/21, 151.41, 151.57, 150.16, 150.44, 55020871
11/05/21, 151.89, 152.20, 150.06, 151.28, 65463879
11/04/21, 151.58, 152.43, 150.64, 150.96, 60394621
11/03/21, 150.39, 151.97, 149.82, 151.49, 54511527
11/02/21, 148.66, 151.57, 148.65, 150.02, 69121992
11/01/21, 148.985, 149.70, 147.80, 148.96, 74588258
10/29/21, 147.215, 149.94, 146.4128, 149.80, 124953203
10/28/21, 149.82, 153.165, 149.72, 152.57, 100077906
10/27/21, 149.36, 149.73, 148.49, 148.85, 56094930
10/26/21, 149.33, 150.84, 149.0101, 149.32, 60893398
10/25/21, 148.68, 149.37, 147.6211, 148.64, 50720559
10/22/21, 149.69, 150.18, 148.64, 148.69, 58883441
10/21/21, 148.81, 149.64, 147.87, 149.48, 61420992
10/20/21, 148.70, 149.7539, 148.12, 149.26, 58418793
10/19/21, 147.01, 149.17, 146.55, 148.76, 76378891
10/18/21, 143.445, 146.84, 143.16, 146.55, 85589188
10/15/21, 143.77, 144.895, 143.51, 144.84, 67940328
10/14/21, 142.11, 143.88, 141.51, 143.76, 69907102
10/13/21, 141.235, 141.40, 139.20, 140.91, 78762719
10/12/21, 143.23, 143.25, 141.0401, 141.51, 73035859
10/11/21, 142.27, 144.81, 141.81, 142.81, 64452219
10/08/21, 144.03, 144.1781, 142.56, 142.90, 58773160
10/07/21, 143.06, 144.215, 142.72, 143.29, 61732660
10/06/21, 139.47, 142.15, 138.37, 142.00, 83221117
10/05/21, 139.49, 142.24, 139.36, 141.11, 80861055
10/04/21, 141.76, 142.21, 138.27, 139.14, 98322008
10/01/21, 141.90, 142.92, 139.1101, 142.65, 94639586
09/30/21, 143.66, 144.378, 141.28, 141.50, 89056656
09/29/21, 142.47, 144.45, 142.03, 142.83, 74602039
09/28/21, 143.25, 144.75, 141.69, 141.91, 108972305
09/27/21, 145.47, 145.96, 143.82, 145.37, 74150727
09/24/21, 145.66, 147.4701, 145.56, 146.92, 53477871
09/23/21, 146.65, 147.08, 145.64, 146.83, 64838168
09/22/21, 144.45, 146.43, 143.7001, 145.85, 76404336
09/21/21, 143.93, 144.60, 142.78, 143.43, 75833961
09/20/21, 143.80, 144.84, 141.27, 142.94, 123478898
09/17/21, 148.82, 148.82, 145.76, 146.06, 129868797
09/16/21, 148.44, 148.97, 147.221, 148.79, 68034148
09/15/21, 148.56, 149.44, 146.37, 149.03, 83281320
09/14/21, 150.35, 151.07, 146.91, 148.12, 109296305
09/13/21, 150.63, 151.42, 148.75, 149.55, 102404305
09/10/21, 155.00, 155.48, 148.70, 148.97, 140893203
09/09/21, 155.49, 156.11, 153.95, 154.07, 57305727
09/08/21, 156.98, 157.04, 153.975, 155.11, 74420211
09/07/21, 154.97, 157.26, 154.39, 156.69, 82278258
09/03/21, 153.76, 154.63, 153.09, 154.30, 57866070
09/02/21, 153.87, 154.72, 152.40, 153.65, 71171320
09/01/21, 152.83, 154.98, 152.34, 152.51, 80313711
08/31/21, 152.66, 152.80, 151.29, 151.83, 86453117
08/30/21, 149.00, 153.49, 148.61, 153.12, 90956719
08/27/21, 147.48, 148.75, 146.83, 148.60, 55802391
08/26/21, 148.35, 149.12, 147.51, 147.54, 48597199
08/25/21, 149.81, 150.32, 147.80, 148.36, 58991301
08/24/21, 149.45, 150.86, 149.15, 149.62, 48606434
08/23/21, 148.31, 150.19, 147.89, 149.71, 60131809
08/20/21, 147.44, 148.50, 146.78, 148.19, 60549633
08/19/21, 145.03, 148.00, 144.50, 146.70, 86960312
08/18/21, 149.80, 150.72, 146.15, 146.36, 86325992
08/17/21, 150.23, 151.68, 149.09, 150.19, 92229742
08/16/21, 148.535, 151.19, 146.47, 151.12, 103558797
08/13/21, 148.97, 149.4444, 148.27, 149.10, 59375008
08/12/21, 146.19, 149.05, 145.84, 148.89, 73779109
08/11/21, 146.05, 146.72, 145.53, 145.86, 48493461
08/10/21, 146.44, 147.71, 145.30, 145.60, 69023078
08/09/21, 146.20, 146.70, 145.52, 146.09, 48908688
08/06/21, 146.35, 147.11, 145.63, 146.14, 54126809
08/05/21, 146.98, 147.84, 146.17, 147.06, 46397672
08/04/21, 147.27, 147.79, 146.28, 146.95, 56368273
08/03/21, 145.81, 148.045, 145.18, 147.36, 64786621
08/02/21, 146.36, 146.95, 145.25, 145.52, 62879961
07/30/21, 144.38, 146.33, 144.11, 145.86, 70440633
07/29/21, 144.685, 146.55, 144.58, 145.64, 56699480
07/28/21, 144.81, 146.97, 142.54, 144.98, 118931203
07/27/21, 149.12, 149.21, 145.55, 146.77, 104818602
07/26/21, 148.27, 149.83, 147.70, 148.99, 72434086
07/23/21, 147.55, 148.7177, 146.92, 148.56, 71447422
07/22/21, 145.935, 148.195, 145.81, 146.80, 77338156
07/21/21, 145.53, 146.13, 144.63, 145.40, 74993453
07/20/21, 143.46, 147.0997, 142.96, 146.15, 96350039
07/19/21, 143.75, 144.07, 141.67, 142.45, 121434602
07/16/21, 148.46, 149.76, 145.88, 146.39, 93251430
07/15/21, 149.24, 150.00, 147.09, 148.48, 106820305
07/14/21, 148.10, 149.57, 147.68, 149.15, 127050797
07/13/21, 144.03, 147.46, 143.63, 145.64, 100827102
07/12/21, 146.21, 146.32, 144.00, 144.50, 76299719
07/09/21, 142.75, 145.65, 142.6522, 145.11, 99890797
07/08/21, 141.58, 144.06, 140.665, 143.24, 105575508
07/07/21, 143.535, 144.89, 142.66, 144.57, 104911602
07/06/21, 140.07, 143.15, 140.07, 142.02, 108181797
07/02/21, 137.90, 140.00, 137.745, 139.96, 78945570
07/01/21, 136.60, 137.33, 135.76, 137.27, 52485781
06/30/21, 136.17, 137.41, 135.87, 136.96, 63261391
06/29/21, 134.80, 136.49, 134.35, 136.33, 64556078
06/28/21, 133.41, 135.245, 133.35, 134.78, 62111301
06/25/21, 133.46, 133.89, 132.81, 133.11, 70783750
06/24/21, 134.45, 134.64, 132.93, 133.41, 68711000
06/23/21, 133.77, 134.32, 133.23, 133.70, 60214199
06/22/21, 132.13, 134.08, 131.62, 133.98, 74783617
06/21/21, 130.30, 132.41, 129.21, 132.30, 79663320
06/18/21, 130.71, 131.51, 130.24, 130.46, 108953297
06/17/21, 129.80, 132.55, 129.65, 131.79, 96721672
06/16/21, 130.37, 130.89, 128.461, 130.15, 91815031
06/15/21, 129.94, 130.60, 129.39, 129.64, 62746328
06/14/21, 127.82, 130.54, 127.07, 130.48, 96906484
06/11/21, 126.53, 127.44, 126.10, 127.35, 53522367
06/10/21, 127.02, 128.19, 125.94, 126.11, 71186414
06/09/21, 127.21, 127.75, 126.52, 127.13, 56877941
06/08/21, 126.60, 128.46, 126.2101, 126.74, 74403766
06/07/21, 126.17, 126.32, 124.8321, 125.90, 71057555
06/04/21, 124.07, 126.16, 123.85, 125.89, 75169344
06/03/21, 124.68, 124.85, 123.13, 123.54, 76229172
06/02/21, 124.28, 125.24, 124.05, 125.06, 59278859
06/01/21, 125.08, 125.35, 123.94, 124.28, 67637117
05/28/21, 125.57, 125.80, 124.55, 124.61, 71311109
05/27/21, 126.44, 127.64, 125.08, 125.28, 94625602
05/26/21, 126.955, 127.39, 126.42, 126.85, 56575922
05/25/21, 127.82, 128.32, 126.32, 126.90, 72009477
05/24/21, 126.01, 127.94, 125.94, 127.10, 63092953
05/21/21, 127.82, 128.00, 125.21, 125.43, 79295438
05/20/21, 125.23, 127.72, 125.10, 127.31, 76857117
05/19/21, 123.16, 124.915, 122.86, 124.69, 92611992
05/18/21, 126.56, 126.99, 124.78, 124.85, 63342930
05/17/21, 126.82, 126.93, 125.17, 126.27, 74116555
05/14/21, 126.25, 127.89, 125.85, 127.45, 81917953
05/13/21, 124.58, 126.15, 124.26, 124.97, 105861297
05/12/21, 123.40, 124.64, 122.25, 122.77, 112172305
05/11/21, 123.50, 126.27, 122.77, 125.91, 126142797
05/10/21, 129.41, 129.54, 126.81, 126.85, 88071234
05/07/21, 130.85, 131.2582, 129.475, 130.21, 78973273
05/06/21, 127.89, 129.75, 127.13, 129.74, 78128328
05/05/21, 129.20, 130.45, 127.97, 128.10, 84000898
05/04/21, 131.19, 131.4899, 126.70, 127.85, 137564703
05/03/21, 132.04, 134.07, 131.83, 132.54, 75135102
04/30/21, 131.78, 133.56, 131.065, 131.46, 109839508
04/29/21, 136.47, 137.07, 132.45, 133.48, 151100984
04/28/21, 134.31, 135.02, 133.08, 133.58, 107760094
04/27/21, 135.01, 135.41, 134.11, 134.39, 66015797
04/26/21, 134.83, 135.06, 133.56, 134.72, 66905070
04/23/21, 132.16, 135.12, 132.16, 134.32, 78756781
04/22/21, 133.04, 134.15, 131.41, 131.94, 84566461
04/21/21, 132.36, 133.75, 131.3001, 133.50, 68847133
04/20/21, 135.02, 135.53, 131.81, 133.11, 94812352
04/19/21, 133.51, 135.47, 133.34, 134.84, 94264227
04/16/21, 134.30, 134.67, 133.28, 134.16, 84922391
04/15/21, 133.82, 135.00, 133.64, 134.50, 89347102
04/14/21, 134.94, 135.00, 131.655, 132.03, 87222781
04/13/21, 132.44, 134.66, 131.93, 134.43, 91266555
04/12/21, 132.52, 132.85, 130.63, 131.24, 91419984
04/09/21, 129.80, 133.04, 129.47, 132.995, 106686703
04/08/21, 128.95, 130.39, 128.52, 130.36, 88844594
04/07/21, 125.83, 127.92, 125.14, 127.90, 83466719
04/06/21, 126.50, 127.13, 125.65, 126.21, 80171250
04/05/21, 123.87, 126.1601, 123.07, 125.90, 88651188
04/01/21, 123.66, 124.18, 122.49, 123.00, 75089125
03/31/21, 121.65, 123.52, 121.15, 122.15, 118323797
03/30/21, 120.11, 120.4031, 118.86, 119.90, 85671922
03/29/21, 121.65, 122.58, 120.7299, 121.39, 80819203
03/26/21, 120.35, 121.48, 118.92, 121.21, 94071234
03/25/21, 119.54, 121.66, 119.00, 120.59, 98844680
03/24/21, 122.82, 122.90, 120.065, 120.09, 88530484
03/23/21, 123.33, 124.24, 122.14, 122.54, 95467133
03/22/21, 120.33, 123.87, 120.26, 123.39, 111912305
03/19/21, 119.90, 121.43, 119.675, 119.99, 185549500
03/18/21, 122.88, 123.18, 120.32, 120.53, 121469797
03/17/21, 124.05, 125.8599, 122.336, 124.76, 111932602
03/16/21, 125.70, 127.22, 124.715, 125.57, 115227906
03/15/21, 121.41, 124.00, 120.42, 123.99, 92590562
03/12/21, 120.40, 121.17, 119.16, 121.03, 88105047
03/11/21, 122.54, 123.21, 121.26, 121.96, 103026492
03/10/21, 121.69, 122.17, 119.45, 119.98, 111943297
03/09/21, 119.03, 122.06, 118.79, 121.085, 129525797
03/08/21, 120.93, 121.00, 116.21, 116.36, 154376609
03/05/21, 120.98, 121.935, 117.57, 121.42, 153766594
03/04/21, 121.75, 123.60, 118.62, 120.13, 178155016
03/03/21, 124.81, 125.71, 121.84, 122.06, 112966305
03/02/21, 128.41, 128.72, 125.01, 125.12, 102260898
03/01/21, 123.75, 127.93, 122.79, 127.79, 116307906
02/26/21, 122.59, 124.85, 121.20, 121.26, 164560406
02/25/21, 124.68, 126.4585, 120.54, 120.99, 148199500
02/24/21, 124.94, 125.56, 122.23, 125.35, 111039906
02/23/21, 123.76, 126.71, 118.39, 125.86, 158272984
02/22/21, 128.01, 129.72, 125.60, 126.00, 103916398
02/19/21, 130.24, 130.71, 128.80, 129.87, 87668828
02/18/21, 129.20, 129.995, 127.41, 129.71, 96856750
02/17/21, 131.25, 132.22, 129.47, 130.84, 98085250
02/16/21, 135.49, 136.01, 132.79, 133.19, 80576320
02/12/21, 134.35, 135.53, 133.6921, 135.37, 60145129
02/11/21, 135.90, 136.39, 133.77, 135.13, 64280031
02/10/21, 136.48, 136.99, 134.40, 135.39, 73046562
02/09/21, 136.62, 137.877, 135.85, 136.01, 76774211
02/08/21, 136.03, 136.96, 134.92, 136.91, 71297211
02/05/21, 137.35, 137.42, 135.86, 136.76, 75693828
02/04/21, 136.30, 137.40, 134.59, 137.39, 84183055
02/03/21, 135.76, 135.77, 133.61, 133.94, 89880945
02/02/21, 135.73, 136.31, 134.61, 134.99, 83305367
02/01/21, 133.75, 135.38, 130.93, 134.14, 106239797
01/29/21, 135.83, 136.74, 130.21, 131.96, 177523812
01/28/21, 139.52, 141.99, 136.70, 137.09, 142621109
01/27/21, 143.43, 144.30, 140.41, 142.06, 140843812
01/26/21, 143.60, 144.30, 141.37, 143.16, 98390562
01/25/21, 143.07, 145.09, 136.54, 142.92, 157611703
01/22/21, 136.28, 139.85, 135.02, 139.07, 114459398
01/21/21, 133.80, 139.67, 133.59, 136.87, 120529508
01/20/21, 128.66, 132.49, 128.55, 132.03, 104319508
01/19/21, 127.78, 128.71, 126.938, 127.83, 90757328
01/15/21, 128.78, 130.2242, 127.00, 127.14, 111598492
01/14/21, 130.80, 131.00, 128.76, 128.91, 90221758
01/13/21, 128.76, 131.45, 128.49, 130.89, 88636828
01/12/21, 128.50, 129.69, 126.86, 128.80, 91951148
01/11/21, 129.19, 130.17, 128.50, 128.98, 100620898
01/08/21, 132.43, 132.63, 130.23, 132.05, 105158203
01/07/21, 128.36, 131.63, 127.86, 130.92, 109578203
01/06/21, 127.72, 131.0499, 126.382, 126.60, 155088000
01/05/21, 128.89, 131.74, 128.43, 131.01, 97664898
01/04/21, 133.52, 133.6116, 126.76, 129.41, 143301906
12/31/20, 134.08, 134.74, 131.72, 132.69, 99116594
12/30/20, 135.58, 135.99, 133.40, 133.72, 96452117
12/29/20, 138.05, 138.789, 134.3409, 134.87, 121047297
12/28/20, 133.99, 137.34, 133.51, 136.69, 124486203
12/24/20, 131.32, 133.46, 131.10, 131.97, 54930059
12/23/20, 132.16, 132.43, 130.78, 130.96, 88223688
12/22/20, 131.61, 134.405, 129.65, 131.88, 169351812
12/21/20, 125.02, 128.31, 123.449, 128.23, 121251602
12/18/20, 128.96, 129.10, 126.12, 126.655, 192541500
12/17/20, 128.90, 129.58, 128.045, 128.70, 94359805
12/16/20, 127.41, 128.37, 126.56, 127.81, 98208594
12/15/20, 124.34, 127.90, 124.13, 127.88, 157572297
12/14/20, 122.60, 123.35, 121.54, 121.78, 79075992
12/11/20, 122.43, 122.76, 120.55, 122.41, 86939789
12/10/20, 120.50, 123.87, 120.15, 123.24, 81312172
12/09/20, 124.53, 125.95, 121.00, 121.78, 115089203
12/08/20, 124.37, 124.98, 123.09, 124.38, 82225516
12/07/20, 122.31, 124.57, 122.25, 123.75, 86711992
12/04/20, 122.60, 122.8608, 121.52, 122.25, 78260414
12/03/20, 123.52, 123.78, 122.21, 122.94, 78967633
12/02/20, 122.02, 123.37, 120.89, 123.08, 89004203
12/01/20, 121.01, 123.4693, 120.01, 122.72, 128166797
11/30/20, 116.97, 120.97, 116.81, 119.05, 169410203
11/27/20, 116.57, 117.49, 116.22, 116.59, 46691328
11/25/20, 115.55, 116.75, 115.17, 116.03, 76499234
11/24/20, 113.91, 115.85, 112.59, 115.17, 113874203
11/23/20, 117.18, 117.6202, 113.75, 113.85, 127959297
11/20/20, 118.64, 118.77, 117.29, 117.34, 73604289
11/19/20, 117.59, 119.06, 116.81, 118.64, 74112969
11/18/20, 118.61, 119.82, 118.00, 118.03, 76322109
11/17/20, 119.55, 120.6741, 118.96, 119.39, 74270969
11/16/20, 118.92, 120.99, 118.146, 120.30, 91183023
11/13/20, 119.44, 119.6717, 117.87, 119.26, 81688594
11/12/20, 119.62, 120.53, 118.57, 119.21, 103350703
11/11/20, 117.19, 119.63, 116.44, 119.49, 112295000
11/10/20, 115.55, 117.59, 114.13, 115.97, 138023391
11/09/20, 120.50, 121.99, 116.05, 116.32, 154515297
11/06/20, 118.32, 119.20, 116.13, 118.69, 114457906
11/05/20, 117.95, 119.62, 116.8686, 119.03, 126387102
11/04/20, 114.14, 115.59, 112.35, 114.95, 138235500
11/03/20, 109.66, 111.49, 108.73, 110.44, 107624398
11/02/20, 109.11, 110.68, 107.32, 108.77, 122866898
10/30/20, 111.06, 111.99, 107.72, 108.86, 190573500
10/29/20, 112.37, 116.93, 112.20, 115.32, 146129203
10/28/20, 115.05, 115.43, 111.10, 111.20, 143937797
10/27/20, 115.49, 117.28, 114.5399, 116.60, 92276766
10/26/20, 114.01, 116.55, 112.88, 115.05, 111850703
10/23/20, 116.39, 116.55, 114.28, 115.04, 82572648
10/22/20, 117.45, 118.04, 114.59, 115.75, 101988000
10/21/20, 116.67, 118.705, 116.45, 116.87, 89945984
10/20/20, 116.20, 118.98, 115.63, 117.51, 124423695
10/19/20, 119.96, 120.419, 115.66, 115.98, 120639297
10/16/20, 121.28, 121.548, 118.81, 119.02, 115393797
10/15/20, 118.72, 121.20, 118.15, 120.71, 112559203
10/14/20, 121.00, 123.03, 119.62, 121.19, 151062297
10/13/20, 125.27, 125.39, 119.65, 121.10, 262330500
10/12/20, 120.06, 125.18, 119.2845, 124.40, 240226797
10/09/20, 115.28, 117.00, 114.92, 116.97, 100506898
10/08/20, 116.25, 116.40, 114.5901, 114.97, 83477148
10/07/20, 114.62, 115.55, 114.13, 115.08, 96848992
10/06/20, 115.70, 116.12, 112.25, 113.16, 161498203
10/05/20, 113.91, 116.65, 113.55, 116.50, 106243797
10/02/20, 112.89, 115.37, 112.22, 113.02, 144712000
10/01/20, 117.64, 117.72, 115.83, 116.79, 116120398
09/30/20, 113.79, 117.26, 113.62, 115.81, 142675203
09/29/20, 114.55, 115.31, 113.57, 114.09, 100060492
09/28/20, 115.01, 115.32, 112.78, 114.96, 137672406
09/25/20, 108.43, 112.44, 107.67, 112.28, 149981406
09/24/20, 105.17, 110.25, 105.00, 108.22, 167743297
09/23/20, 111.62, 112.11, 106.77, 107.12, 150718703
09/22/20, 112.68, 112.86, 109.16, 111.81, 183055391
09/21/20, 104.54, 110.19, 103.10, 110.08, 195713797
09/18/20, 110.40, 110.88, 106.09, 106.84, 287104906
09/17/20, 109.72, 112.20, 108.71, 110.34, 178011016
09/16/20, 115.23, 116.00, 112.04, 112.13, 155026703
09/15/20, 118.33, 118.829, 113.61, 115.54, 184642000
09/14/20, 114.72, 115.93, 112.80, 115.355, 140150094
09/11/20, 114.57, 115.23, 110.00, 112.00, 180860297
09/10/20, 120.36, 120.50, 112.50, 113.49, 182274406
09/09/20, 117.26, 119.14, 115.26, 117.32, 176940500
09/08/20, 113.95, 118.99, 112.68, 112.82, 231366594
09/04/20, 120.07, 123.70, 110.89, 120.96, 332607188
09/03/20, 126.91, 128.84, 120.50, 120.88, 257599594
09/02/20, 137.59, 137.98, 127.00, 131.40, 200119016
09/01/20, 132.76, 134.80, 130.53, 134.18, 152470094
08/31/20, 127.58, 131.00, 126.00, 129.04, 225702703
08/28/20, 126.0125, 126.4425, 124.5775, 124.8075, 187629920
08/27/20, 127.1425, 127.485, 123.8325, 125.01, 155552408
08/26/20, 126.1793, 126.9925, 125.0825, 126.5225, 163022264
08/25/20, 124.6975, 125.1793, 123.0525, 124.825, 211495812
08/24/20, 128.6975, 128.785, 123.9363, 125.8575, 345937752
08/21/20, 119.2625, 124.868, 119.25, 124.37, 338054656
08/20/20, 115.75, 118.392, 115.7334, 118.275, 126907204
08/19/20, 115.9833, 117.1625, 115.61, 115.7075, 145538000
08/18/20, 114.3525, 116.00, 114.0075, 115.5625, 105633564
08/17/20, 116.0625, 116.0875, 113.9625, 114.6075, 119561436
08/14/20, 114.8288, 115.00, 113.045, 114.9075, 165565204
08/13/20, 114.43, 116.0425, 113.9275, 115.01, 210082080
08/12/20, 110.4975, 113.275, 110.2975, 113.01, 165944828
08/11/20, 111.9688, 112.4825, 109.1067, 109.375, 187902376
08/10/20, 112.60, 113.775, 110.00, 112.7275, 212403436
08/07/20, 113.205, 113.675, 110.2925, 111.1125, 198045592
08/06/20, 110.405, 114.4125, 109.7975, 113.9025, 202428920
08/05/20, 109.3775, 110.3925, 108.8975, 110.0625, 121991960
08/04/20, 109.1325, 110.79, 108.3875, 109.665, 172792360
08/03/20, 108.20, 111.6364, 107.8925, 108.9375, 308151408
07/31/20, 102.8838, 106.415, 100.825, 106.26, 374295500
07/30/20, 94.1875, 96.2975, 93.7675, 96.19, 158130048
07/29/20, 93.75, 95.23, 93.7125, 95.04, 90329244
07/28/20, 94.3675, 94.5497, 93.2475, 93.2525, 103625524
07/27/20, 93.71, 94.905, 93.48, 94.81, 121214204
07/24/20, 90.9875, 92.97, 89.145, 92.615, 185438876
07/23/20, 96.9985, 97.0775, 92.0098, 92.845, 197004452
07/22/20, 96.6925, 97.975, 96.6025, 97.2725, 89001640
07/21/20, 99.1725, 99.25, 96.7425, 97.00, 103645844
07/20/20, 96.4163, 98.50, 96.0625, 98.3575, 90317920
07/17/20, 96.9875, 97.1475, 95.84, 96.3275, 92186920
07/16/20, 96.5625, 97.405, 95.905, 96.5225, 110577680
07/15/20, 98.99, 99.2475, 96.49, 97.725, 153197920
07/14/20, 94.84, 97.255, 93.8775, 97.0575, 170989360
07/13/20, 97.265, 99.955, 95.2575, 95.4775, 191649156
07/10/20, 95.335, 95.98, 94.7052, 95.92, 90257320
07/09/20, 96.2625, 96.3175, 94.6725, 95.6825, 125642600
07/08/20, 94.18, 95.375, 94.09, 95.3425, 117091884
07/07/20, 93.8525, 94.655, 93.0575, 93.1725, 112424436
07/06/20, 92.50, 93.945, 92.4675, 93.4625, 118655640
07/02/20, 91.9625, 92.6175, 90.91, 91.0275, 114041476
07/01/20, 91.28, 91.84, 90.9775, 91.0275, 110737244
06/30/20, 90.02, 91.495, 90.00, 91.20, 140223280
06/29/20, 88.3125, 90.5434, 87.82, 90.445, 130646080
06/26/20, 91.1025, 91.33, 88.255, 88.4075, 205256828
06/25/20, 90.175, 91.25, 89.3925, 91.21, 137522532
06/24/20, 91.25, 92.1975, 89.63, 90.015, 192623392
06/23/20, 91.00, 93.095, 90.5675, 91.6325, 212155484
06/22/20, 87.835, 89.865, 87.7875, 89.7175, 135445280
06/19/20, 88.6588, 89.14, 86.2875, 87.43, 264475812
06/18/20, 87.8525, 88.3625, 87.305, 87.9325, 96820400
06/17/20, 88.7875, 88.85, 87.7725, 87.8975, 114406524
06/16/20, 87.865, 88.30, 86.18, 88.02, 165428720
06/15/20, 83.3125, 86.42, 83.145, 85.7475, 138808920
06/12/20, 86.18, 86.95, 83.5558, 84.70, 200146048
06/11/20, 87.3275, 87.765, 83.87, 83.975, 201662436
06/10/20, 86.975, 88.6925, 86.5225, 88.21, 166651764
06/09/20, 83.035, 86.4025, 83.0025, 85.9975, 147712360
06/08/20, 82.5625, 83.40, 81.83, 83.365, 95654524